{"mean":{"confidence_interval":{"confidence_level":0.95,"lower_bound":126759110.0485,"upper_bound":128538438.63575},"point_estimate":127655161.2,"standard_error":452405.2578389611},"median":{"confidence_interval":{"confidence_level":0.95,"lower_bound":126333430.0,"upper_bound":129235841.0},"point_estimate":127380772.0,"standard_error":836881.7473686629},"median_abs_dev":{"confidence_interval":{"confidence_level":0.95,"lower_bound":3351295.6673026085,"upper_bound":6376953.817686439},"point_estimate":4667493.067735434,"standard_error":687890.602060928},"slope":null,"std_dev":{"confidence_interval":{"confidence_level":0.95,"lower_bound":3894607.808838492,"upper_bound":5125719.706690911},"point_estimate":4544855.471117585,"standard_error":314826.8421182295}}