{"mean":{"confidence_interval":{"confidence_level":0.95,"lower_bound":4388193.52275,"upper_bound":4448265.770354169},"point_estimate":4418358.246666668,"standard_error":15279.721246387458},"median":{"confidence_interval":{"confidence_level":0.95,"lower_bound":4389786.75,"upper_bound":4462660.833333334},"point_estimate":4435233.125,"standard_error":18441.566181574748},"median_abs_dev":{"confidence_interval":{"confidence_level":0.95,"lower_bound":107111.79414838599,"upper_bound":194848.9100657401},"point_estimate":159005.20245209313,"standard_error":23169.225524945083},"slope":null,"std_dev":{"confidence_interval":{"confidence_level":0.95,"lower_bound":131893.44464202892,"upper_bound":173014.4734764462},"point_estimate":153439.82461768278,"standard_error":10486.692124449637}}