{"mean":{"confidence_interval":{"confidence_level":0.95,"lower_bound":11736262.238449996,"upper_bound":11856373.777750002},"point_estimate":11796633.964000002,"standard_error":30679.68811948361},"median":{"confidence_interval":{"confidence_level":0.95,"lower_bound":11686444.0,"upper_bound":11891619.6},"point_estimate":11828853.2,"standard_error":49419.395408522185},"median_abs_dev":{"confidence_interval":{"confidence_level":0.95,"lower_bound":266000.674277544,"upper_bound":410606.3592302788},"point_estimate":313370.63299655996,"standard_error":37496.480329529375},"slope":null,"std_dev":{"confidence_interval":{"confidence_level":0.95,"lower_bound":270600.29201812006,"upper_bound":343423.94058175007},"point_estimate":308579.28305610816,"standard_error":18570.67945499202}}