{"mean":{"confidence_interval":{"confidence_level":0.95,"lower_bound":37788592.353875,"upper_bound":38386269.153749995},"point_estimate":38070404.67,"standard_error":152920.3607718463},"median":{"confidence_interval":{"confidence_level":0.95,"lower_bound":37450991.0,"upper_bound":37665348.75},"point_estimate":37571250.0,"standard_error":57438.01709555404},"median_abs_dev":{"confidence_interval":{"confidence_level":0.95,"lower_bound":509007.3349133134,"upper_bound":840669.7674751282},"point_estimate":704601.1896908283,"standard_error":87434.84272561634},"slope":null,"std_dev":{"confidence_interval":{"confidence_level":0.95,"lower_bound":1121239.975371587,"upper_bound":1892847.056111382},"point_estimate":1535400.9083459214,"standard_error":196904.23009358186}}