{"mean":{"confidence_interval":{"confidence_level":0.95,"lower_bound":124138510.45225,"upper_bound":125960261.72749999},"point_estimate":125042097.03,"standard_error":464490.9234989665},"median":{"confidence_interval":{"confidence_level":0.95,"lower_bound":124077437.0,"upper_bound":125655481.5},"point_estimate":125023596.5,"standard_error":412100.9566132869},"median_abs_dev":{"confidence_interval":{"confidence_level":0.95,"lower_bound":3289229.4734095056,"upper_bound":5397509.560682549},"point_estimate":4464500.668439269,"standard_error":559533.8393009807},"slope":null,"std_dev":{"confidence_interval":{"confidence_level":0.95,"lower_bound":3776313.3694581916,"upper_bound":5513306.282645119},"point_estimate":4667056.880046007,"standard_error":444271.67891940835}}