{"mean":{"confidence_interval":{"confidence_level":0.95,"lower_bound":2261333.4343750016,"upper_bound":2369223.2137954556},"point_estimate":2314396.538181819,"standard_error":27499.775686511282},"median":{"confidence_interval":{"confidence_level":0.95,"lower_bound":2172813.909090909,"upper_bound":2339362.340909091},"point_estimate":2270850.4318181816,"standard_error":39042.32422228679},"median_abs_dev":{"confidence_interval":{"confidence_level":0.95,"lower_bound":211881.67702868933,"upper_bound":387575.18624189205},"point_estimate":286989.9431912739,"standard_error":52840.96767028165},"slope":null,"std_dev":{"confidence_interval":{"confidence_level":0.95,"lower_bound":233913.7258461142,"upper_bound":316645.5839928711},"point_estimate":275967.4642968261,"standard_error":21243.728746217257}}