{"mean":{"confidence_interval":{"confidence_level":0.95,"lower_bound":131784903.20625,"upper_bound":133972400.74599999},"point_estimate":132857625.73,"standard_error":556924.9411520321},"median":{"confidence_interval":{"confidence_level":0.95,"lower_bound":131011226.5,"upper_bound":132054500.0},"point_estimate":131470475.0,"standard_error":263778.0145095544},"median_abs_dev":{"confidence_interval":{"confidence_level":0.95,"lower_bound":1848540.488281846,"upper_bound":3599136.7158025503},"point_estimate":2766171.279090643,"standard_error":435607.8038066633},"slope":null,"std_dev":{"confidence_interval":{"confidence_level":0.95,"lower_bound":4582360.763025233,"upper_bound":6441337.865076599},"point_estimate":5589712.687565142,"standard_error":473012.94214913057}}