{"mean":{"confidence_interval":{"confidence_level":0.95,"lower_bound":6443829.08871875,"upper_bound":6522665.55875},"point_estimate":6482554.93,"standard_error":20158.08571288145},"median":{"confidence_interval":{"confidence_level":0.95,"lower_bound":6436289.0,"upper_bound":6501715.0},"point_estimate":6463960.4375,"standard_error":15268.26240753793},"median_abs_dev":{"confidence_interval":{"confidence_level":0.95,"lower_bound":124925.9123571217,"upper_bound":219663.1240502},"point_estimate":169126.66537240148,"standard_error":24541.87711695632},"slope":null,"std_dev":{"confidence_interval":{"confidence_level":0.95,"lower_bound":166311.420017027,"upper_bound":235758.71709480722},"point_estimate":202505.47299899376,"standard_error":17698.932412763173}}