{"mean":{"confidence_interval":{"confidence_level":0.95,"lower_bound":10703021.788499994,"upper_bound":10933809.847949998},"point_estimate":10813143.792000001,"standard_error":58866.52231068399},"median":{"confidence_interval":{"confidence_level":0.95,"lower_bound":10578648.0,"upper_bound":10786781.4},"point_estimate":10691615.5,"standard_error":54486.24666503645},"median_abs_dev":{"confidence_interval":{"confidence_level":0.95,"lower_bound":296297.90125966235,"upper_bound":525926.39516294},"point_estimate":419470.23143291444,"standard_error":59592.91206482353},"slope":null,"std_dev":{"confidence_interval":{"confidence_level":0.95,"lower_bound":445667.83600617334,"upper_bound":731171.6774071706},"point_estimate":591426.9141593374,"standard_error":73389.7003084591}}