{"mean":{"confidence_interval":{"confidence_level":0.95,"lower_bound":51958145.669250004,"upper_bound":52763186.194749996},"point_estimate":52363765.56,"standard_error":205150.40543104318},"median":{"confidence_interval":{"confidence_level":0.95,"lower_bound":52186897.0,"upper_bound":52753549.0},"point_estimate":52455412.0,"standard_error":144318.53687933364},"median_abs_dev":{"confidence_interval":{"confidence_level":0.95,"lower_bound":914881.6798076045,"upper_bound":1905296.639174223},"point_estimate":1414203.9303928614,"standard_error":248386.88917713787},"slope":null,"std_dev":{"confidence_interval":{"confidence_level":0.95,"lower_bound":1689861.3441016525,"upper_bound":2412987.0793339442},"point_estimate":2065196.6607105061,"standard_error":184834.8364148499}}