{"mean":{"confidence_interval":{"confidence_level":0.95,"lower_bound":235740100.15375,"upper_bound":239916041.254},"point_estimate":237829172.9,"standard_error":1067789.4153747454},"median":{"confidence_interval":{"confidence_level":0.95,"lower_bound":235503607.0,"upper_bound":239115840.0},"point_estimate":237625418.5,"standard_error":825919.2367600456},"median_abs_dev":{"confidence_interval":{"confidence_level":0.95,"lower_bound":7306216.568978728,"upper_bound":11778883.175683022},"point_estimate":9852878.321376443,"standard_error":1139216.6338591313},"slope":null,"std_dev":{"confidence_interval":{"confidence_level":0.95,"lower_bound":8547146.328607284,"upper_bound":12728031.458969746},"point_estimate":10681622.532736495,"standard_error":1074808.8940697282}}