{"mean":{"confidence_interval":{"confidence_level":0.95,"lower_bound":40983639.117875,"upper_bound":41202083.687625},"point_estimate":41091559.7,"standard_error":55774.010694662546},"median":{"confidence_interval":{"confidence_level":0.95,"lower_bound":40905414.0,"upper_bound":41191084.0},"point_estimate":41039365.5,"standard_error":68750.27416676068},"median_abs_dev":{"confidence_interval":{"confidence_level":0.95,"lower_bound":431386.9252413511,"upper_bound":662608.3986863494},"point_estimate":548308.4656655788,"standard_error":57355.946381025744},"slope":null,"std_dev":{"confidence_interval":{"confidence_level":0.95,"lower_bound":467633.82553350885,"upper_bound":653019.8193823075},"point_estimate":563535.5322932086,"standard_error":47272.335070900175}}