{"mean":{"confidence_interval":{"confidence_level":0.95,"lower_bound":92995269.27625,"upper_bound":95832109.70825},"point_estimate":94536962.32,"standard_error":725358.5187205534},"median":{"confidence_interval":{"confidence_level":0.95,"lower_bound":93845866.0,"upper_bound":95216718.0},"point_estimate":94344114.5,"standard_error":346798.72885277873},"median_abs_dev":{"confidence_interval":{"confidence_level":0.95,"lower_bound":2353837.987411022,"upper_bound":4499641.253015399},"point_estimate":3593370.1432049274,"standard_error":556469.6299069877},"slope":null,"std_dev":{"confidence_interval":{"confidence_level":0.95,"lower_bound":3896888.529054577,"upper_bound":10560836.407274125},"point_estimate":7275587.747772965,"standard_error":1779381.9577827002}}