{"mean":{"confidence_interval":{"confidence_level":0.95,"lower_bound":15200903.742416669,"upper_bound":15710820.963916667},"point_estimate":15429714.333333332,"standard_error":130961.61238631542},"median":{"confidence_interval":{"confidence_level":0.95,"lower_bound":15042609.0,"upper_bound":15179502.333333332},"point_estimate":15108070.333333332,"standard_error":38973.33028094668},"median_abs_dev":{"confidence_interval":{"confidence_level":0.95,"lower_bound":198505.80467581702,"upper_bound":365985.06055496534},"point_estimate":285195.8961367593,"standard_error":41075.89045690068},"slope":null,"std_dev":{"confidence_interval":{"confidence_level":0.95,"lower_bound":686498.8723566686,"upper_bound":1819974.3813959106},"point_estimate":1318058.7133282605,"standard_error":307466.8385997723}}