{"mean":{"confidence_interval":{"confidence_level":0.95,"lower_bound":17314798.156083334,"upper_bound":18255497.29008333},"point_estimate":17759272.239999995,"standard_error":240351.99094955425},"median":{"confidence_interval":{"confidence_level":0.95,"lower_bound":16823301.333333332,"upper_bound":16952350.333333332},"point_estimate":16896153.166666664,"standard_error":32296.371904628184},"median_abs_dev":{"confidence_interval":{"confidence_level":0.95,"lower_bound":237132.47599005883,"upper_bound":499160.5236381297},"point_estimate":370073.01492988743,"standard_error":67821.2376480555},"slope":null,"std_dev":{"confidence_interval":{"confidence_level":0.95,"lower_bound":1728701.6136522642,"upper_bound":2992747.214545602},"point_estimate":2412108.743719934,"standard_error":322293.2454707131}}