{"mean":{"confidence_interval":{"confidence_level":0.95,"lower_bound":42557568.006875,"upper_bound":47752137.392375},"point_estimate":45074679.565,"standard_error":1327861.168001102},"median":{"confidence_interval":{"confidence_level":0.95,"lower_bound":37376222.0,"upper_bound":37804770.25},"point_estimate":37599942.0,"standard_error":118900.15623030798},"median_abs_dev":{"confidence_interval":{"confidence_level":0.95,"lower_bound":658973.4342008829,"upper_bound":1600122.0412221544},"point_estimate":1015574.3102699518,"standard_error":247023.7843524595},"slope":null,"std_dev":{"confidence_interval":{"confidence_level":0.95,"lower_bound":11034318.046207706,"upper_bound":15513889.45509081},"point_estimate":13370832.291985892,"standard_error":1143245.2375761874}}