{"mean":{"confidence_interval":{"confidence_level":0.95,"lower_bound":2293647.865595239,"upper_bound":2323981.220999999},"point_estimate":2308480.287619047,"standard_error":7771.456258821316},"median":{"confidence_interval":{"confidence_level":0.95,"lower_bound":2263987.071428572,"upper_bound":2289672.761904762},"point_estimate":2276759.5,"standard_error":6253.0644130315395},"median_abs_dev":{"confidence_interval":{"confidence_level":0.95,"lower_bound":30914.539251157115,"upper_bound":66428.56252065733},"point_estimate":48315.35624223094,"standard_error":9034.252946914314},"slope":null,"std_dev":{"confidence_interval":{"confidence_level":0.95,"lower_bound":63165.831546492904,"upper_bound":90682.35050746599},"point_estimate":77711.13095853115,"standard_error":7030.292097617684}}