{"mean":{"confidence_interval":{"confidence_level":0.95,"lower_bound":6288538.141343749,"upper_bound":6346522.83728125},"point_estimate":6317780.2725,"standard_error":14803.012422860591},"median":{"confidence_interval":{"confidence_level":0.95,"lower_bound":6293690.0625,"upper_bound":6360328.375},"point_estimate":6328803.0,"standard_error":17628.815217813168},"median_abs_dev":{"confidence_interval":{"confidence_level":0.95,"lower_bound":109930.06226085126,"upper_bound":186046.46692201495},"point_estimate":140086.7017004639,"standard_error":19387.028491050518},"slope":null,"std_dev":{"confidence_interval":{"confidence_level":0.95,"lower_bound":128388.37646464948,"upper_bound":167628.5616736865},"point_estimate":149040.47139045678,"standard_error":10050.593740406837}}