{"mean":{"confidence_interval":{"confidence_level":0.95,"lower_bound":235221805.81275,"upper_bound":240457245.0165},"point_estimate":237807653.47,"standard_error":1332908.4966613126},"median":{"confidence_interval":{"confidence_level":0.95,"lower_bound":233959426.0,"upper_bound":240977082.0},"point_estimate":237530036.0,"standard_error":1510892.792089223},"median_abs_dev":{"confidence_interval":{"confidence_level":0.95,"lower_bound":11325969.640123844,"upper_bound":16709900.975739956},"point_estimate":14280758.77046585,"standard_error":1412578.1703309258},"slope":null,"std_dev":{"confidence_interval":{"confidence_level":0.95,"lower_bound":11289371.264078902,"upper_bound":15344830.445637358},"point_estimate":13395609.29201353,"standard_error":1037931.4010844695}}