{"mean":{"confidence_interval":{"confidence_level":0.95,"lower_bound":236802295.14374998,"upper_bound":241122376.18275},"point_estimate":238978276.74,"standard_error":1100552.8223165493},"median":{"confidence_interval":{"confidence_level":0.95,"lower_bound":237382537.0,"upper_bound":242177840.0},"point_estimate":238932077.5,"standard_error":1084169.8719506627},"median_abs_dev":{"confidence_interval":{"confidence_level":0.95,"lower_bound":9585960.659015179,"upper_bound":14522702.0362705},"point_estimate":12189618.965891004,"standard_error":1262900.497885404},"slope":null,"std_dev":{"confidence_interval":{"confidence_level":0.95,"lower_bound":9656809.336260874,"upper_bound":12358369.99352721},"point_estimate":11089177.360436512,"standard_error":691602.7282627475}}