{"mean":{"confidence_interval":{"confidence_level":0.95,"lower_bound":11221502.724100005,"upper_bound":11432407.175699994},"point_estimate":11331870.416000001,"standard_error":53896.70346045902},"median":{"confidence_interval":{"confidence_level":0.95,"lower_bound":11307309.2,"upper_bound":11539442.6},"point_estimate":11408738.7,"standard_error":64324.74047995716},"median_abs_dev":{"confidence_interval":{"confidence_level":0.95,"lower_bound":333354.4905532744,"upper_bound":561707.4629276991},"point_estimate":438541.359674334,"standard_error":58782.16964533792},"slope":null,"std_dev":{"confidence_interval":{"confidence_level":0.95,"lower_bound":394856.71595695236,"upper_bound":716180.7465015703},"point_estimate":543078.7006576455,"standard_error":89460.57379878545}}