{"mean":{"confidence_interval":{"confidence_level":0.95,"lower_bound":48920956.383375,"upper_bound":49780237.411875},"point_estimate":49347090.43,"standard_error":218295.67246756522},"median":{"confidence_interval":{"confidence_level":0.95,"lower_bound":48747937.25,"upper_bound":49231025.5},"point_estimate":49045313.0,"standard_error":127147.74014795222},"median_abs_dev":{"confidence_interval":{"confidence_level":0.95,"lower_bound":890915.7848180832,"upper_bound":1515252.0141988993},"point_estimate":1211806.4243361354,"standard_error":161261.64581085663},"slope":null,"std_dev":{"confidence_interval":{"confidence_level":0.95,"lower_bound":1411097.06806582,"upper_bound":2915232.952260195},"point_estimate":2197341.4860992865,"standard_error":383381.1020879308}}