{"mean":{"confidence_interval":{"confidence_level":0.95,"lower_bound":12098747.41775,"upper_bound":12365739.216100002},"point_estimate":12231125.505999994,"standard_error":68552.47648345701},"median":{"confidence_interval":{"confidence_level":0.95,"lower_bound":12031850.600000001,"upper_bound":12513333.0},"point_estimate":12286201.2,"standard_error":113655.17191765022},"median_abs_dev":{"confidence_interval":{"confidence_level":0.95,"lower_bound":567910.5129575735,"upper_bound":914131.4100909235},"point_estimate":814974.6790713078,"standard_error":90653.86762853611},"slope":null,"std_dev":{"confidence_interval":{"confidence_level":0.95,"lower_bound":586683.4559706782,"upper_bound":791568.31313049},"point_estimate":689070.7502260582,"standard_error":52342.78082085027}}