{"mean":{"confidence_interval":{"confidence_level":0.95,"lower_bound":4807760.136449999,"upper_bound":4869639.84485},"point_estimate":4838453.466999999,"standard_error":15819.922217656762},"median":{"confidence_interval":{"confidence_level":0.95,"lower_bound":4769902.6,"upper_bound":4895219.0},"point_estimate":4819542.95,"standard_error":31406.62612084445},"median_abs_dev":{"confidence_interval":{"confidence_level":0.95,"lower_bound":133376.17623209953,"upper_bound":198299.97037947178},"point_estimate":169323.7399739031,"standard_error":16340.483405655361},"slope":null,"std_dev":{"confidence_interval":{"confidence_level":0.95,"lower_bound":137693.21043033994,"upper_bound":177887.45998245355},"point_estimate":158720.8111695598,"standard_error":10220.492659376438}}