{"mean":{"confidence_interval":{"confidence_level":0.95,"lower_bound":93076712.43875,"upper_bound":96253301.0045},"point_estimate":94783972.06,"standard_error":811601.2530605705},"median":{"confidence_interval":{"confidence_level":0.95,"lower_bound":94814222.0,"upper_bound":96537557.0},"point_estimate":95567349.0,"standard_error":474325.33682635677},"median_abs_dev":{"confidence_interval":{"confidence_level":0.95,"lower_bound":3789944.9973200266,"upper_bound":5862658.326654507},"point_estimate":4819750.895932317,"standard_error":554117.1967517398},"slope":null,"std_dev":{"confidence_interval":{"confidence_level":0.95,"lower_bound":4893399.462474687,"upper_bound":11449053.409949545},"point_estimate":8130486.8751261225,"standard_error":1760785.9919761885}}