{"mean":{"confidence_interval":{"confidence_level":0.95,"lower_bound":18248906.79916668,"upper_bound":19951277.49150001},"point_estimate":19068234.23333334,"standard_error":433355.27403170697},"median":{"confidence_interval":{"confidence_level":0.95,"lower_bound":16149456.666666666,"upper_bound":16405484.5},"point_estimate":16217371.166666666,"standard_error":158093.6578896566},"median_abs_dev":{"confidence_interval":{"confidence_level":0.95,"lower_bound":140325.36940872576,"upper_bound":545242.6960200076},"point_estimate":242795.7607895136,"standard_error":223982.03127702617},"slope":null,"std_dev":{"confidence_interval":{"confidence_level":0.95,"lower_bound":3552622.9236381818,"upper_bound":5103829.976722386},"point_estimate":4356269.494170623,"standard_error":397533.6990092428}}