{"mean":{"confidence_interval":{"confidence_level":0.95,"lower_bound":41746120.997,"upper_bound":46640595.026875004},"point_estimate":44114820.18,"standard_error":1251875.439908337},"median":{"confidence_interval":{"confidence_level":0.95,"lower_bound":36905678.75,"upper_bound":37208966.25},"point_estimate":36999689.25,"standard_error":81495.82886691022},"median_abs_dev":{"confidence_interval":{"confidence_level":0.95,"lower_bound":495719.1619992256,"upper_bound":1076037.3317465186},"point_estimate":743818.5535445809,"standard_error":144328.0914326044},"slope":null,"std_dev":{"confidence_interval":{"confidence_level":0.95,"lower_bound":10561236.876467787,"upper_bound":14347339.561395291},"point_estimate":12581000.139648978,"standard_error":964978.8862362478}}