{"mean":{"confidence_interval":{"confidence_level":0.95,"lower_bound":6322375.463333333,"upper_bound":6451350.035},"point_estimate":6385384.016666668,"standard_error":32872.35896270056},"median":{"confidence_interval":{"confidence_level":0.95,"lower_bound":6253034.166666666,"upper_bound":6407640.111111111},"point_estimate":6342840.111111111,"standard_error":41448.11993430085},"median_abs_dev":{"confidence_interval":{"confidence_level":0.95,"lower_bound":181596.0930426917,"upper_bound":301875.8871406317},"point_estimate":250915.3019120295,"standard_error":28291.96455143374},"slope":null,"std_dev":{"confidence_interval":{"confidence_level":0.95,"lower_bound":254339.67714534345,"upper_bound":402888.11051595106},"point_estimate":331595.65742484434,"standard_error":38138.89359510614}}