{"mean":{"confidence_interval":{"confidence_level":0.95,"lower_bound":602437.3998965875,"upper_bound":608990.854170757},"point_estimate":605614.5854429877,"standard_error":1672.6053398505198},"median":{"confidence_interval":{"confidence_level":0.95,"lower_bound":598778.8333333334,"upper_bound":605946.5},"point_estimate":601722.1087320575,"standard_error":2107.1874052586154},"median_abs_dev":{"confidence_interval":{"confidence_level":0.95,"lower_bound":8682.903622476973,"upper_bound":15422.191956546578},"point_estimate":11882.772033356798,"standard_error":1701.5753767440722},"slope":{"confidence_interval":{"confidence_level":0.95,"lower_bound":600728.5282536127,"upper_bound":606248.6015077707},"point_estimate":603357.9866380966,"standard_error":1407.1205611496637},"std_dev":{"confidence_interval":{"confidence_level":0.95,"lower_bound":13007.63731518943,"upper_bound":20101.189683774992},"point_estimate":16750.60570465928,"standard_error":1818.6433560691003}}