{"mean":{"confidence_interval":{"confidence_level":0.95,"lower_bound":11941220.41975,"upper_bound":12105283.7697},"point_estimate":12026741.89,"standard_error":41755.55986076484},"median":{"confidence_interval":{"confidence_level":0.95,"lower_bound":12038300.2,"upper_bound":12151123.1},"point_estimate":12100053.7,"standard_error":26862.03410452852},"median_abs_dev":{"confidence_interval":{"confidence_level":0.95,"lower_bound":181408.11583936296,"upper_bound":335973.4626352787},"point_estimate":232797.55134701703,"standard_error":39829.991694893324},"slope":null,"std_dev":{"confidence_interval":{"confidence_level":0.95,"lower_bound":305108.49348573183,"upper_bound":528166.8775742471},"point_estimate":419652.2850445548,"standard_error":57536.138790047415}}