{"mean":{"confidence_interval":{"confidence_level":0.95,"lower_bound":11666175.984149996,"upper_bound":11826471.661750002},"point_estimate":11742733.671999998,"standard_error":41037.215454667195},"median":{"confidence_interval":{"confidence_level":0.95,"lower_bound":11604389.7,"upper_bound":11802943.6},"point_estimate":11684911.5,"standard_error":46397.4843878066},"median_abs_dev":{"confidence_interval":{"confidence_level":0.95,"lower_bound":239102.59684207966,"upper_bound":380459.76440548844},"point_estimate":304285.70513784804,"standard_error":35568.039929176404},"slope":null,"std_dev":{"confidence_interval":{"confidence_level":0.95,"lower_bound":291165.7949245757,"upper_bound":543027.1967316741},"point_estimate":411151.671496087,"standard_error":67674.07444212002}}