{"mean":{"confidence_interval":{"confidence_level":0.95,"lower_bound":51223482.7295,"upper_bound":52296396.982999995},"point_estimate":51791117.91,"standard_error":273014.99167867115},"median":{"confidence_interval":{"confidence_level":0.95,"lower_bound":51693410.0,"upper_bound":52741051.0},"point_estimate":52378708.5,"standard_error":303786.7568369989},"median_abs_dev":{"confidence_interval":{"confidence_level":0.95,"lower_bound":1522857.0107638836,"upper_bound":2627138.2426589727},"point_estimate":2026555.5258214474,"standard_error":279468.99704613787},"slope":null,"std_dev":{"confidence_interval":{"confidence_level":0.95,"lower_bound":1937423.2223847897,"upper_bound":3717977.373716369},"point_estimate":2748759.249944343,"standard_error":511689.3330209797}}