{"mean":{"confidence_interval":{"confidence_level":0.95,"lower_bound":53052926.935,"upper_bound":53957388.564500004},"point_estimate":53511909.05,"standard_error":230689.48252092735},"median":{"confidence_interval":{"confidence_level":0.95,"lower_bound":53018432.0,"upper_bound":53969994.0},"point_estimate":53576041.5,"standard_error":222545.00564768526},"median_abs_dev":{"confidence_interval":{"confidence_level":0.95,"lower_bound":1523507.1308523417,"upper_bound":2799936.010891199},"point_estimate":2154051.7105579376,"standard_error":328497.2440079527},"slope":null,"std_dev":{"confidence_interval":{"confidence_level":0.95,"lower_bound":1961410.9517070148,"upper_bound":2656125.967974006},"point_estimate":2320970.5189666436,"standard_error":177342.2409271401}}