{"mean":{"confidence_interval":{"confidence_level":0.95,"lower_bound":11791435.108100006,"upper_bound":11940079.996},"point_estimate":11863568.786000002,"standard_error":37915.18805415737},"median":{"confidence_interval":{"confidence_level":0.95,"lower_bound":11766576.4,"upper_bound":11909742.3},"point_estimate":11845214.0,"standard_error":36119.27428228354},"median_abs_dev":{"confidence_interval":{"confidence_level":0.95,"lower_bound":235953.41365098872,"upper_bound":403064.6696841722},"point_estimate":314884.8123496763,"standard_error":43575.31633673131},"slope":null,"std_dev":{"confidence_interval":{"confidence_level":0.95,"lower_bound":291372.41702951834,"upper_bound":484950.7238209453},"point_estimate":381009.69216715166,"standard_error":51958.653897509495}}