{"mean":{"confidence_interval":{"confidence_level":0.95,"lower_bound":92954246.02675,"upper_bound":95815039.02999999},"point_estimate":94459441.37,"standard_error":730849.1314861124},"median":{"confidence_interval":{"confidence_level":0.95,"lower_bound":94876073.0,"upper_bound":96117937.5},"point_estimate":95301873.5,"standard_error":359748.93428837945},"median_abs_dev":{"confidence_interval":{"confidence_level":0.95,"lower_bound":2554797.7421432734,"upper_bound":6174076.727603211},"point_estimate":3899550.018069148,"standard_error":875691.3120418435},"slope":null,"std_dev":{"confidence_interval":{"confidence_level":0.95,"lower_bound":4849977.314331989,"upper_bound":10107846.825028036},"point_estimate":7327333.58551291,"standard_error":1441297.9248868688}}