{"mean":{"confidence_interval":{"confidence_level":0.95,"lower_bound":128964454.28074999,"upper_bound":131342992.03199999},"point_estimate":130157572.44,"standard_error":608345.36166266},"median":{"confidence_interval":{"confidence_level":0.95,"lower_bound":128290066.0,"upper_bound":131436500.0},"point_estimate":130056391.5,"standard_error":756464.6121252604},"median_abs_dev":{"confidence_interval":{"confidence_level":0.95,"lower_bound":5283329.514402151,"upper_bound":8126161.590331793},"point_estimate":7081215.4919832945,"standard_error":742090.1426915344},"slope":null,"std_dev":{"confidence_interval":{"confidence_level":0.95,"lower_bound":5292923.321242026,"upper_bound":6925769.088853624},"point_estimate":6135583.184215538,"standard_error":416984.4824359133}}