{"mean":{"confidence_interval":{"confidence_level":0.95,"lower_bound":11166539.196000002,"upper_bound":11383661.877950003},"point_estimate":11276044.326000001,"standard_error":55407.020851922854},"median":{"confidence_interval":{"confidence_level":0.95,"lower_bound":11180337.4,"upper_bound":11439906.100000001},"point_estimate":11336349.7,"standard_error":59926.82763723111},"median_abs_dev":{"confidence_interval":{"confidence_level":0.95,"lower_bound":387417.1613019702,"upper_bound":703374.1899526125},"point_estimate":525781.8416655078,"standard_error":83071.95039920899},"slope":null,"std_dev":{"confidence_interval":{"confidence_level":0.95,"lower_bound":474705.00516664755,"upper_bound":632409.5287344404},"point_estimate":555944.5594588382,"standard_error":40023.3430197211}}