{"mean":{"confidence_interval":{"confidence_level":0.95,"lower_bound":15213626.208937502,"upper_bound":15444248.013125},"point_estimate":15322159.72,"standard_error":59094.05101738367},"median":{"confidence_interval":{"confidence_level":0.95,"lower_bound":15096757.25,"upper_bound":15231020.75},"point_estimate":15131665.0,"standard_error":42859.9055964508},"median_abs_dev":{"confidence_interval":{"confidence_level":0.95,"lower_bound":192235.39055401477,"upper_bound":336772.9546710849},"point_estimate":266304.60727214813,"standard_error":37521.63297176348},"slope":null,"std_dev":{"confidence_interval":{"confidence_level":0.95,"lower_bound":417057.27032754215,"upper_bound":741203.4775871665},"point_estimate":595005.5184438581,"standard_error":82720.80479850051}}