{"mean":{"confidence_interval":{"confidence_level":0.95,"lower_bound":17713459.671416663,"upper_bound":18927586.803500004},"point_estimate":18303003.55333333,"standard_error":310732.25249599456},"median":{"confidence_interval":{"confidence_level":0.95,"lower_bound":16622990.666666668,"upper_bound":16741689.333333334},"point_estimate":16675171.333333332,"standard_error":36841.68768982666},"median_abs_dev":{"confidence_interval":{"confidence_level":0.95,"lower_bound":215585.85057258513,"upper_bound":547703.564876318},"point_estimate":340436.08855604986,"standard_error":81711.75130065772},"slope":null,"std_dev":{"confidence_interval":{"confidence_level":0.95,"lower_bound":2638573.6932621277,"upper_bound":3454740.834578575},"point_estimate":3116174.854121003,"standard_error":208892.9090172685}}