{"mean":{"confidence_interval":{"confidence_level":0.95,"lower_bound":86423884.4235,"upper_bound":88874809.931},"point_estimate":87650330.87,"standard_error":624736.6109330145},"median":{"confidence_interval":{"confidence_level":0.95,"lower_bound":87110789.0,"upper_bound":88270977.0},"point_estimate":87544077.0,"standard_error":353665.9010692312},"median_abs_dev":{"confidence_interval":{"confidence_level":0.95,"lower_bound":3448376.3135790825,"upper_bound":6960975.892817974},"point_estimate":4525714.256152511,"standard_error":879146.3550721051},"slope":null,"std_dev":{"confidence_interval":{"confidence_level":0.95,"lower_bound":5277885.740461988,"upper_bound":7136249.049722093},"point_estimate":6268977.280219102,"standard_error":473158.26929477503}}