{"mean":{"confidence_interval":{"confidence_level":0.95,"lower_bound":83163706.41075,"upper_bound":86458746.77600001},"point_estimate":84906506.54,"standard_error":841657.4442159813},"median":{"confidence_interval":{"confidence_level":0.95,"lower_bound":85044422.0,"upper_bound":86706620.5},"point_estimate":86062822.0,"standard_error":461130.0523944307},"median_abs_dev":{"confidence_interval":{"confidence_level":0.95,"lower_bound":3706312.385299802,"upper_bound":7702163.943359256},"point_estimate":6458584.289637208,"standard_error":995079.2764742898},"slope":null,"std_dev":{"confidence_interval":{"confidence_level":0.95,"lower_bound":5401317.585544963,"upper_bound":11590394.968508529},"point_estimate":8492032.187230762,"standard_error":1630131.1691224964}}