{"mean":{"confidence_interval":{"confidence_level":0.95,"lower_bound":6143525.976638888,"upper_bound":6224733.644999999},"point_estimate":6184337.295555556,"standard_error":20623.43266563413},"median":{"confidence_interval":{"confidence_level":0.95,"lower_bound":6131472.444444444,"upper_bound":6215534.555555556},"point_estimate":6152490.5,"standard_error":19607.171078871197},"median_abs_dev":{"confidence_interval":{"confidence_level":0.95,"lower_bound":104725.67304074764,"upper_bound":159646.03569904994},"point_estimate":130614.99851445341,"standard_error":13952.478944205846},"slope":null,"std_dev":{"confidence_interval":{"confidence_level":0.95,"lower_bound":137846.0642504801,"upper_bound":273380.9740493221},"point_estimate":207321.60114064018,"standard_error":34833.24412643108}}