{"mean":{"confidence_interval":{"confidence_level":0.95,"lower_bound":41602882.209374994,"upper_bound":41963482.951625},"point_estimate":41772169.17,"standard_error":91984.88343804587},"median":{"confidence_interval":{"confidence_level":0.95,"lower_bound":41559287.0,"upper_bound":41793718.75},"point_estimate":41696970.5,"standard_error":71463.40086649812},"median_abs_dev":{"confidence_interval":{"confidence_level":0.95,"lower_bound":470213.99465203285,"upper_bound":724769.738432765},"point_estimate":638661.0732614994,"standard_error":62975.72219628323},"slope":null,"std_dev":{"confidence_interval":{"confidence_level":0.95,"lower_bound":629265.3757204822,"upper_bound":1235212.7909722545},"point_estimate":924773.3800840324,"standard_error":160828.94977709153}}