{"mean":{"confidence_interval":{"confidence_level":0.95,"lower_bound":52441345.943,"upper_bound":53847147.4485},"point_estimate":53148259.31,"standard_error":358894.20727481035},"median":{"confidence_interval":{"confidence_level":0.95,"lower_bound":51919255.0,"upper_bound":53497030.0},"point_estimate":52173891.0,"standard_error":332276.5340605468},"median_abs_dev":{"confidence_interval":{"confidence_level":0.95,"lower_bound":2222211.2791478634,"upper_bound":4153104.2655676603},"point_estimate":3140764.2471402884,"standard_error":462798.92891778104},"slope":null,"std_dev":{"confidence_interval":{"confidence_level":0.95,"lower_bound":2924063.211095863,"upper_bound":4324470.517235979},"point_estimate":3615655.270454157,"standard_error":360727.08467951993}}