{"mean":{"confidence_interval":{"confidence_level":0.95,"lower_bound":240886743.71575,"upper_bound":245694682.8825},"point_estimate":243377192.91,"standard_error":1231347.2550139525},"median":{"confidence_interval":{"confidence_level":0.95,"lower_bound":241291956.0,"upper_bound":246326577.0},"point_estimate":244400031.5,"standard_error":1248371.5479975708},"median_abs_dev":{"confidence_interval":{"confidence_level":0.95,"lower_bound":8291403.287798166,"upper_bound":14244070.3515172},"point_estimate":11986684.387993813,"standard_error":1630043.7676080787},"slope":null,"std_dev":{"confidence_interval":{"confidence_level":0.95,"lower_bound":9069981.159536557,"upper_bound":15863958.261005122},"point_estimate":12342156.849202314,"standard_error":1786660.1853896494}}