{"mean":{"confidence_interval":{"confidence_level":0.95,"lower_bound":4312742.585772729,"upper_bound":4402268.06331818},"point_estimate":4353340.818181818,"standard_error":22932.286343074255},"median":{"confidence_interval":{"confidence_level":0.95,"lower_bound":4286056.454545455,"upper_bound":4364362.909090908},"point_estimate":4323379.636363637,"standard_error":22351.20817062502},"median_abs_dev":{"confidence_interval":{"confidence_level":0.95,"lower_bound":121872.22814769938,"upper_bound":181932.53840641567},"point_estimate":155101.25277367455,"standard_error":15239.572599396239},"slope":null,"std_dev":{"confidence_interval":{"confidence_level":0.95,"lower_bound":128491.64341614093,"upper_bound":329342.857536883},"point_estimate":230220.60866963209,"standard_error":54211.5325876027}}