{"mean":{"confidence_interval":{"confidence_level":0.95,"lower_bound":2045054.910833334,"upper_bound":2057254.2271041668},"point_estimate":2051090.3883333327,"standard_error":3104.005005131513},"median":{"confidence_interval":{"confidence_level":0.95,"lower_bound":2041205.9166666667,"upper_bound":2056058.8333333333},"point_estimate":2045324.6875,"standard_error":3639.7501809268174},"median_abs_dev":{"confidence_interval":{"confidence_level":0.95,"lower_bound":24344.353342801103,"upper_bound":38862.435597553966},"point_estimate":31385.189730301383,"standard_error":3760.960709239383},"slope":null,"std_dev":{"confidence_interval":{"confidence_level":0.95,"lower_bound":26744.809329625812,"upper_bound":35480.98444404544},"point_estimate":31298.34815729764,"standard_error":2229.0976033423162}}