{"mean":{"confidence_interval":{"confidence_level":0.95,"lower_bound":6396394.2888124995,"upper_bound":6457260.64421875},"point_estimate":6427063.5625,"standard_error":15572.166024977},"median":{"confidence_interval":{"confidence_level":0.95,"lower_bound":6403361.75,"upper_bound":6466425.5},"point_estimate":6428766.3125,"standard_error":17266.624471694122},"median_abs_dev":{"confidence_interval":{"confidence_level":0.95,"lower_bound":128967.85053536296,"upper_bound":190120.09567469358},"point_estimate":166242.35978610814,"standard_error":15531.729919258509},"slope":null,"std_dev":{"confidence_interval":{"confidence_level":0.95,"lower_bound":132364.9328852245,"upper_bound":177283.84314748473},"point_estimate":155939.24781789404,"standard_error":11440.78258929735}}