{"mean":{"confidence_interval":{"confidence_level":0.95,"lower_bound":90501798.06075001,"upper_bound":92311879.9365},"point_estimate":91431006.8,"standard_error":464594.8395583879},"median":{"confidence_interval":{"confidence_level":0.95,"lower_bound":91775097.0,"upper_bound":93283502.0},"point_estimate":92826571.5,"standard_error":345386.15664094244},"median_abs_dev":{"confidence_interval":{"confidence_level":0.95,"lower_bound":2317586.19415462,"upper_bound":4185433.8405936956},"point_estimate":3031684.9192768335,"standard_error":473210.0139136221},"slope":null,"std_dev":{"confidence_interval":{"confidence_level":0.95,"lower_bound":3743932.268542125,"upper_bound":5499305.042089695},"point_estimate":4692688.0297927745,"standard_error":446899.7887650928}}